|NAME|FWHM_BROAD_HA|FWHM_BROAD_HA_ERR|SIGMA_BROAD_HA|SIGMA_BROAD_HA_ERR|Z_BROAD_HA|FWHM_BROAD_HB|FWHM_BROAD_HB_ERR|SIGMA_BROAD_HB|SIGMA_BROAD_HB_ERR|Z_BROAD_HB|FWHM_CIV|FWHM_CIV_ERR|SIGMA_CIV|SIGMA_CIV_ERR|BLUESHIFT_CIV_HA|BLUESHIFT_CIV_HA_ERR|BLUESHIFT_CIV_HB|BLUESHIFT_CIV_HB_ERR|LOGL5100|LOGL1350|
|J000039.00-001803.9|4655.0|406.0|1976.0|165.0|2.1412||||||7981.0|565.0|3589.0|286.0|2902.0|191.0|||45.864|46.162|
|J000344.92-232354.8||||||7585.0|347.0|4058.0|207.0|2.2779|6087.0|20.0|3976.0|3.0|||1096.0|194.0|46.963|47.366|
|J000500.42-003348.2|2661.0|103.0|2466.0|169.0|2.1848||||||5829.0|281.0|3872.0|113.0|2557.0|72.0|||46.07|46.373|
|J000500.53+010220.8|2539.0|116.0|2123.0|176.0|2.1326||||||7475.0|436.0|3759.0|202.0|3297.0|104.0|||46.131|46.469|
|J001016.49+001227.6|3426.0|114.0|2754.0|142.0|2.2841||||||6206.0|266.0|4383.0|142.0|1799.0|105.0|||46.268|46.41|
|J001919.31+010152.2|2607.0|114.0|2424.0|175.0|2.3167||||||3663.0|89.0|3418.0|79.0|1009.0|55.0|||46.092|46.433|
|J001954.66-091316.4|4560.0|84.0|3494.0|41.0|2.1242||||||4560.0|542.0|4265.0|148.0|485.0|119.0|||46.034|46.234|
|J002018.41-233653.8||||||4788.0|445.0|4102.0|98.0|2.2935|3182.0|99.0|3228.0|104.0|||512.0|195.0|46.675|47.078|
|J002110.90-242247.2||||||4229.0|150.0|3395.0|127.0|2.2597|6801.0|291.0|3693.0|124.0|||570.0|104.0|46.551|46.954|
|J002329.60-003219.8|2909.0|234.0|2503.0|451.0|2.3989||||||5329.0|291.0|3559.0|204.0|1552.0|125.0|||46.052|46.335|
|J002948.04-095639.4|2914.0|32.0|2259.0|47.0|1.6163|3455.0|298.0|3374.0|377.0|1.616|3938.0|213.0|3211.0|135.0|549.0|48.0|516.0|140.0|46.205|46.315|
|J002952.12+020607.1||||||4847.0|227.0|3685.0|79.0|2.3421|3277.0|83.0|3398.0|47.0|||844.0|81.0|46.059|46.682|
|J004149.64-094705.0|5475.0|133.0|3262.0|64.0|1.6315||||||6899.0|278.0|4126.0|62.0|1218.0|56.0|||46.366|46.792|
|J004417.12-311436.0||||||4075.0|85.0|3028.0|39.0|2.3616|4787.0|237.0|3570.0|122.0|||1580.0|59.0|46.401|46.804|
|J004613.48+002358.0|3103.0|320.0|2754.0|627.0|2.1299||||||5744.0|198.0|3789.0|144.0|2314.0|138.0|||45.982|46.387|
|J005202.40+010129.2|4473.0|79.0|2932.0|58.0|2.2801||||||6518.0|125.0|4095.0|53.0|1710.0|42.0|||46.593|46.968|
|J005202.51+010130.5||||||4672.0|122.0|4325.0|78.0|2.2743|6551.0|199.0|4025.0|61.0|||1295.0|49.0|46.593|46.968|
|J005454.84-004244.0|3322.0|112.0|2439.0|253.0|2.2249||||||4955.0|100.0|3668.0|62.0|1685.0|48.0|||46.345|46.668|
|J005546.77-635853.7||||||5421.0|180.0|3825.0|106.0|2.2463|8074.0|613.0|3192.0|188.0|||2610.0|162.0|46.508|46.91|
|J005717.37-000113.2|5454.0|448.0|2307.0|180.0|2.1556||||||6599.0|530.0|2788.0|211.0|642.0|144.0|||45.749|46.256|
|J011143.62-350300.4||||||3176.0|489.0|2376.0|388.0|2.4051|2504.0|53.0|2399.0|21.0|||719.0|142.0|46.92|47.322|
|J011827.98-005239.9|3222.0|27.0|2613.0|36.0|2.1953|3487.0|263.0|4016.0|265.0|2.1972|5770.0|169.0|3432.0|166.0|1995.0|60.0|2168.0|146.0|46.262|46.581|
|J012417.38-374422.9||||||4143.0|309.0|4204.0|482.0|2.1974|8227.0|47.0|3661.0|21.0|||3473.0|134.0|46.724|47.127|
|J012656.07-320810.7||||||4597.0|264.0|3460.0|193.0|2.232|6374.0|401.0|3834.0|122.0|||1786.0|168.0|46.564|46.967|
|J013014.30-000639.2|3600.0|395.0|2759.0|461.0|2.4298||||||10339.0|1763.0|3603.0|654.0|5550.0|208.0|||46.181|46.712|
|J013929.51+001330.8|3994.0|51.0|2798.0|45.0|2.1026|4074.0|95.0|2680.0|40.0|2.102|3803.0|194.0|3253.0|110.0|384.0|37.0|326.0|42.0|45.856|46.37|
|J014705.42+133210.0|4108.0|67.0|2666.0|41.0|1.5965|4282.0|302.0|3048.0|335.0|1.5958|5222.0|190.0|2981.0|139.0|1426.0|35.0|1339.0|117.0|46.37|46.57|
|J014809.64-001017.7|4303.0|66.0|3107.0|27.0|2.1716|5073.0|193.0|4044.0|176.0|2.1684|5537.0|182.0|3840.0|65.0|2547.0|42.0|2246.0|116.0|46.306|46.623|
|J014944.43+150106.6|3589.0|86.0|2593.0|110.0|2.0725||||||6252.0|91.0|4211.0|28.0|1355.0|29.0|||46.554|46.813|
|J015733.87-004824.4|4347.0|639.0|2619.0|239.0|1.5514||||||7406.0|442.0|4112.0|96.0|561.0|99.0|||45.865|46.325|
|J020044.50+122319.1|3818.0|96.0|2576.0|261.0|1.6546||||||3735.0|179.0|3355.0|146.0|217.0|72.0|||46.132|46.443|
|J020143.48+003222.7||||||10604.0|510.0|4129.0|135.0|2.2918|4375.0|246.0|3498.0|182.0|||-134.0|163.0|45.688|46.102|
|J020327.29+003938.1|4471.0|449.0|2515.0|189.0|2.3015||||||4845.0|108.0|4224.0|62.0|1290.0|69.0|||46.158|46.381|
|J020505.80+011415.8|4130.0|1121.0|2493.0|448.0|2.2393||||||6499.0|188.0|3898.0|141.0|2430.0|362.0|||46.046|46.307|
|J020902.86-082531.8|4557.0|61.0|2960.0|44.0|2.1383|5493.0|174.0|3751.0|262.0|2.136|6679.0|397.0|3566.0|390.0|1856.0|158.0|1633.0|216.0|45.996|46.44|
|J023359.72+004938.5|3110.0|146.0|2651.0|166.0|2.5322|3913.0|320.0|3648.0|231.0|2.5352|5992.0|123.0|4059.0|48.0|2141.0|61.0|2390.0|139.0|46.533|46.894|
|J024008.24-230915.2||||||6471.0|57.0|3503.0|41.0|2.2311|6406.0|276.0|3814.0|139.0|||1565.0|106.0|47.05|47.453|
|J024650.93-004457.3|2157.0|127.0|974.0|531.0|2.1914||||||5435.0|399.0|3129.0|185.0|3312.0|146.0|||45.869|46.184|
|J025644.82+001247.1||||||5610.0|259.0|3944.0|121.0|2.2593|6751.0|137.0|3947.0|44.0|||1038.0|85.0|46.377|46.811|
|J025905.63+001121.9||||||4346.0|129.0|2971.0|141.0|3.3725|3611.0|41.0|3298.0|30.0|||642.0|79.0|46.69|47.078|
|J030449.85-000813.4||||||3309.0|33.0|2882.0|39.0|3.2896|2192.0|28.0|3182.0|58.0|||583.0|16.0|46.714|47.242|
|J031404.44-003947.3|1951.0|90.0|1559.0|92.0|2.1148||||||6855.0|793.0|3662.0|141.0|3623.0|129.0|||46.093|46.289|
|J032158.40-001102.6|4331.0|136.0|2815.0|126.0|2.153||||||5103.0|160.0|3664.0|97.0|781.0|50.0|||45.937|46.289|
|J034145.86-264936.9||||||4717.0|189.0|3811.0|86.0|2.3191|3312.0|242.0|3273.0|284.0|||836.0|100.0|46.609|47.012|
|J040954.19-041137.0|4160.0|48.0|2838.0|21.0|2.1919|4205.0|38.0|3674.0|24.0|2.1943|5018.0|83.0|3580.0|50.0|781.0|26.0|1011.0|27.0|46.539|46.732|
|J041255.16-061210.3|3471.0|68.0|2390.0|129.0|1.6937||||||6597.0|185.0|3210.0|103.0|2192.0|53.0|||46.161|46.639|
|J045523.05-421617.4|3394.0|200.0|2390.0|1057.0|2.6659|3542.0|278.0|2214.0|464.0|2.6652|3524.0|32.0|3268.0|39.0|824.0|60.0|767.0|139.0|46.958|47.361|
|J045754.37-181914.7||||||2310.0|86.0|1781.0|88.0|1.5293|2987.0|310.0|2089.0|596.0|||817.0|97.0|46.183|46.586|
|J073813.19+271038.1|3230.0|88.0|2636.0|274.0|2.4391||||||2246.0|42.0|2879.0|78.0|15.0|30.0|||46.106|46.374|
|J074029.82+281458.5|3962.0|134.0|2672.0|113.0|1.5454||||||5645.0|139.0|3831.0|62.0|1002.0|54.0|||46.172|46.387|
|J074352.61+245743.6|5812.0|547.0|3827.0|166.0|2.166||||||6019.0|528.0|3900.0|322.0|650.0|220.0|||46.021|46.049|
|J080150.95+113455.6||||||8778.0|454.0|3614.0|182.0|2.3863|4450.0|345.0|3838.0|62.0|||290.0|115.0|46.142|46.67|
|J080651.54+245526.3|4043.0|208.0|1717.0|685.0|2.1542||||||3463.0|336.0|3457.0|179.0|390.0|123.0|||46.098|46.034|
|J081344.15+152221.5|3563.0|80.0|2572.0|72.0|1.5473|4067.0|662.0|3475.0|659.0|1.5448|5598.0|453.0|3849.0|139.0|1947.0|127.0|1655.0|264.0|46.198|46.383|
|J081701.91+385936.3|2395.0|44.0|1018.0|19.0|2.2387||||||4886.0|211.0|3257.0|87.0|1328.0|48.0|||46.051|46.329|
|J082146.22+571226.0|3762.0|79.0|2583.0|51.0|1.5467|4390.0|419.0|3617.0|392.0|1.5462|4754.0|93.0|2414.0|74.0|1719.0|61.0|1660.0|194.0|46.42|46.629|
|J082644.70+163548.0|3141.0|72.0|2978.0|70.0|2.1915|5293.0|428.0|3766.0|610.0|2.1917|2513.0|42.0|3297.0|32.0|601.0|19.0|617.0|167.0|46.715|46.815|
|J083850.15+261105.4|3848.0|131.0|2202.0|230.0|1.6184||||||4160.0|174.0|3636.0|57.0|1136.0|61.0|||46.771|47.034|
|J084159.25+392139.9||||||3937.0|1470.0|4586.0|1015.0|2.2107|3043.0|79.0|3434.0|54.0|||163.0|422.0|45.527|45.745|
|J084451.91+282607.5|2725.0|102.0|2344.0|750.0|1.5746||||||5258.0|106.0|3623.0|119.0|1296.0|55.0|||45.985|46.172|
|J085437.59+031734.8|4434.0|502.0|3138.0|310.0|2.2373||||||3952.0|406.0|3469.0|125.0|-405.0|162.0|||46.319|46.251|
|J085856.00+015219.4|3152.0|88.0|3885.0|131.0|2.169||||||8315.0|284.0|5292.0|93.0|4327.0|80.0|||46.438|46.807|
|J091208.75+005857.3|4733.0|10.0|2879.0|14.0|2.1879|5271.0|56.0|2239.0|23.0|2.1886|2803.0|130.0|3451.0|65.0|511.0|27.0|581.0|30.0|46.078|46.427|
|J091432.01+010912.4|3539.0|78.0|2081.0|74.0|2.1437|5678.0|182.0|2411.0|190.0|2.1476|2702.0|37.0|3489.0|30.0|205.0|24.0|579.0|62.0|45.383|45.763|
|J091754.44+043652.1|4870.0|48.0|2787.0|16.0|1.5912||||||4661.0|162.0|3327.0|125.0|309.0|40.0|||45.676|45.886|
|J092747.27+290720.6||||||3132.0|119.0|3772.0|129.0|2.314|7035.0|348.0|3609.0|200.0|||3257.0|127.0|46.042|46.385|
|J092914.49+282529.2||||||6943.0|403.0|3719.0|304.0|3.4169|5979.0|102.0|3872.0|57.0|||2080.0|264.0|46.879|47.26|
|J092952.17+355449.8|5211.0|531.0|3061.0|133.0|2.1622|5535.0|480.0|4195.0|392.0|2.1635|6479.0|129.0|4040.0|82.0|2750.0|65.0|2877.0|145.0|46.613|47.082|
|J093226.34+092526.1||||||3130.0|476.0|3482.0|95.0|2.4188|1960.0|81.0|2663.0|61.0|||208.0|72.0|45.328|45.883|
|J093318.49+141340.1|5925.0|50.0|2799.0|29.0|1.5619|6174.0|469.0|2620.0|252.0|1.5629|5346.0|101.0|3786.0|40.0|335.0|27.0|452.0|196.0|46.216|46.312|
|J093337.28+284532.4||||||6063.0|520.0|3889.0|286.0|3.4291|4831.0|95.0|3505.0|41.0|||329.0|272.0|46.977|46.855|
|J093849.67+090509.7|4578.0|222.0|3065.0|63.0|2.2602|4849.0|360.0|4274.0|456.0|2.2604|7375.0|188.0|4289.0|52.0|2158.0|50.0|2171.0|155.0|46.52|46.925|
|J094126.49+044328.7|6133.0|34.0|3149.0|7.0|1.5675|6019.0|115.0|3453.0|94.0|1.5668|4492.0|246.0|3378.0|155.0|24.0|47.0|-66.0|91.0|46.027|46.203|
|J094202.04+042244.5||||||4172.0|325.0|3896.0|295.0|3.2794|3328.0|64.0|3245.0|52.0|||860.0|117.0|47.129|47.322|
|J094206.96+352307.3|2426.0|63.0|2061.0|511.0|2.022|3657.0|416.0|3344.0|530.0|2.021|2757.0|42.0|3262.0|48.0|318.0|24.0|218.0|58.0|46.174|46.54|
|J094913.05+175155.9|4008.0|50.0|2358.0|95.0|1.6766||||||6899.0|277.0|3853.0|84.0|2498.0|50.0|||46.363|46.638|
|J100246.85+002104.0|4575.0|113.0|3108.0|51.0|2.1762|4215.0|202.0|4017.0|131.0|2.1733|5576.0|161.0|3537.0|101.0|1563.0|50.0|1283.0|87.0|46.34|46.687|
|J100401.27+423123.1|3612.0|232.0|2299.0|237.0|1.6679||||||6464.0|146.0|3255.0|124.0|2798.0|64.0|||46.435|46.99|
|J101001.50+403755.5|3857.0|90.0|2559.0|60.0|2.19|4991.0|569.0|3858.0|281.0|2.1895|5223.0|171.0|3500.0|119.0|1231.0|62.0|1191.0|129.0|45.955|46.423|
|J101447.54+521320.2|3476.0|46.0|2413.0|73.0|1.5521|3661.0|349.0|2942.0|580.0|1.5511|4526.0|118.0|3424.0|78.0|1067.0|31.0|939.0|137.0|46.181|46.544|
|J101504.75+123022.2|2980.0|252.0|2336.0|339.0|1.7072||||||8277.0|355.0|3437.0|68.0|3972.0|81.0|||46.305|46.64|
|J101859.96-005420.2|2528.0|27.0|2360.0|35.0|2.1837|3603.0|111.0|3664.0|58.0|2.1833|1936.0|25.0|3001.0|43.0|226.0|8.0|185.0|34.0|46.141|46.447|
|J101908.26+025431.9||||||7363.0|596.0|3891.0|92.0|3.3845|6859.0|301.0|3791.0|89.0|||1744.0|135.0|46.434|46.971|
|J102457.57-001740.4||||||4693.0|153.0|3792.0|365.0|1.5009|5337.0|97.0|3855.0|40.0|||1256.0|143.0|46.316|46.592|
|J102906.66+020500.0|4041.0|26.0|2705.0|54.0|2.1418|5169.0|237.0|3618.0|99.0|2.1407|3062.0|175.0|3495.0|146.0|865.0|48.0|762.0|98.0|46.027|46.315|
|J103325.93+012836.3|2937.0|13.0|2420.0|20.0|2.1845|2862.0|109.0|2315.0|328.0|2.184|3901.0|117.0|3504.0|73.0|1149.0|32.0|1103.0|74.0|46.214|46.489|
|J103456.31+035859.4||||||5819.0|188.0|3818.0|57.0|3.393|6069.0|163.0|3617.0|117.0|||2452.0|74.0|46.958|47.031|
|J103857.37+502707.9||||||4927.0|360.0|3701.0|372.0|3.1347|5460.0|267.0|3857.0|128.0|||1213.0|129.0|46.285|46.435|
|J104121.89+563001.3|3541.0|156.0|2344.0|119.0|2.0583||||||6892.0|152.0|3806.0|68.0|2161.0|54.0|||46.068|46.595|
|J104121.89+563001.3||||||4977.0|668.0|4071.0|324.0|2.0549|6879.0|174.0|3681.0|74.0|||2050.0|162.0|46.054|46.603|
|J104603.22+112828.1|4660.0|29.0|2805.0|9.0|1.6048|5341.0|113.0|3793.0|27.0|1.6014|4991.0|182.0|3570.0|140.0|687.0|53.0|295.0|63.0|46.045|46.123|
|J104910.31+143227.1|2687.0|27.0|2291.0|33.0|1.5396|3295.0|526.0|3162.0|389.0|1.5395|4671.0|80.0|3165.0|59.0|798.0|21.0|791.0|170.0|46.062|46.17|
|J104915.44-011038.1|3370.0|21.0|2711.0|27.0|2.1319|3875.0|64.0|3781.0|57.0|2.1314|7657.0|174.0|4391.0|90.0|3057.0|52.0|3007.0|64.0|46.43|46.732|
|J105158.74+401736.7|3631.0|57.0|2784.0|42.0|2.1893||||||8693.0|260.0|4242.0|100.0|4127.0|68.0|||46.805|47.18|
|J105951.05+090905.7||||||4835.0|517.0|2997.0|307.0|1.6872|2540.0|59.0|3356.0|46.0|||286.0|44.0|46.551|46.75|
|J110240.16+394730.1|4325.0|77.0|2423.0|92.0|1.6644|5192.0|504.0|3882.0|221.0|1.6663|6711.0|176.0|3801.0|55.0|1465.0|42.0|1680.0|142.0|46.192|46.395|
|J110454.73+095714.8|3150.0|338.0|2613.0|354.0|2.4118||||||3590.0|88.0|3261.0|76.0|-290.0|103.0|||45.811|46.09|
|J110610.74+640009.6|4841.0|38.0|3114.0|22.0|2.2169|6235.0|261.0|4093.0|143.0|2.22|7953.0|193.0|4281.0|71.0|2929.0|44.0|3214.0|134.0|46.864|47.408|
|J110915.92-115449.2||||||3459.0|387.0|2286.0|97.0|2.3201|6720.0|1030.0|3163.0|380.0|||2370.0|298.0|46.468|46.87|
|J111245.70+661215.4||||||5230.0|296.0|3960.0|126.0|2.2553|5837.0|340.0|3860.0|133.0|||1002.0|108.0|45.754|46.057|
|J111350.93+401721.4|3259.0|133.0|2574.0|99.0|2.1949||||||7389.0|279.0|3777.0|81.0|2418.0|64.0|||46.727|46.927|
|J111949.30+233249.1|5474.0|46.0|2844.0|32.0|1.6262|5654.0|366.0|2401.0|160.0|1.6251|3239.0|129.0|2837.0|147.0|724.0|59.0|599.0|119.0|46.325|46.2|
|J112442.87-170517.5|4526.0|306.0|2969.0|249.0|2.413|4544.0|163.0|3296.0|176.0|2.4104|5318.0|12.0|4075.0|3.0|1378.0|37.0|1151.0|67.0|47.063|47.466|
|J112542.29+000101.3|3561.0|20.0|2711.0|14.0|1.6924|4300.0|126.0|3380.0|141.0|1.6896|2124.0|30.0|2848.0|78.0|112.0|23.0|-193.0|30.0|46.319|46.476|
|J112617.40-012632.6||||||3054.0|434.0|3226.0|550.0|3.6212|3747.0|178.0|3600.0|177.0|||1339.0|259.0|46.306|46.636|
|J113334.23+130553.2||||||5126.0|293.0|4012.0|245.0|3.6789|7132.0|432.0|3583.0|118.0|||1707.0|116.0|46.671|47.056|
|J114023.40+301651.5|4024.0|132.0|2818.0|43.0|1.6004|4611.0|302.0|3803.0|327.0|1.6012|6019.0|163.0|3914.0|66.0|2015.0|44.0|2112.0|152.0|46.485|46.793|
|J114254.26+265457.5|4720.0|228.0|3352.0|189.0|2.633||||||5631.0|114.0|3797.0|39.0|1718.0|88.0|||46.984|47.388|
|J115301.60+215117.5|3087.0|31.0|2677.0|27.0|2.3718|3678.0|236.0|3765.0|311.0|2.3758|6384.0|117.0|4004.0|55.0|2410.0|32.0|2766.0|138.0|46.924|47.304|
|J115538.60+053050.7||||||6609.0|439.0|3116.0|179.0|3.4685|2626.0|52.0|3202.0|73.0|||455.0|128.0|46.766|47.019|
|J120044.94-185944.5|5538.0|221.0|3131.0|104.0|2.4529|7351.0|630.0|4461.0|351.0|2.4536|3616.0|67.0|2672.0|12.0|508.0|51.0|573.0|229.0|46.89|47.293|
|J120147.91+120630.3||||||4746.0|464.0|3216.0|394.0|3.5391|4987.0|116.0|3327.0|49.0|||1524.0|164.0|46.937|47.332|
|J120818.84-045905.7||||||3216.0|111.0|4237.0|334.0|2.3284|6772.0|724.0|3675.0|198.0|||2512.0|160.0|46.434|46.836|
|J121117.59+042222.3|3482.0|98.0|2359.0|148.0|2.5456|5183.0|284.0|3424.0|174.0|2.5475|4990.0|115.0|3434.0|77.0|1002.0|48.0|1162.0|158.0|46.502|46.777|
|J121140.59+103002.0|3004.0|68.0|2179.0|73.0|2.1938|3469.0|339.0|2315.0|535.0|2.1931|2974.0|58.0|3295.0|44.0|402.0|21.0|337.0|110.0|46.439|46.58|
|J121303.02+171423.3|3105.0|93.0|2717.0|123.0|2.5766||||||7458.0|169.0|3869.0|106.0|2993.0|67.0|||46.56|46.895|
|J121427.78-030721.1|2991.0|24.0|2364.0|21.0|2.1256|3083.0|89.0|2144.0|47.0|2.1249|2285.0|59.0|3041.0|138.0|326.0|24.0|255.0|29.0|46.048|46.273|
|J121558.82+571555.5||||||2647.0|212.0|1969.0|268.0|1.963|3166.0|101.0|3345.0|86.0|||243.0|68.0|46.047|46.258|
|J121911.34-004348.7||||||4399.0|205.0|4430.0|53.0|2.3031|4083.0|658.0|3187.0|176.0|||2003.0|214.0|46.269|46.83|
|J122039.45+000427.6|3578.0|8.0|2866.0|6.0|2.0437|4595.0|67.0|4020.0|33.0|2.0499|5707.0|116.0|4037.0|45.0|656.0|29.0|1264.0|92.0|46.493|46.813|
|J122516.79+042537.8||||||2958.0|55.0|1256.0|23.0|2.4|4091.0|164.0|3365.0|79.0|||1273.0|34.0|46.255|46.244|
|J123143.09+002846.2||||||5099.0|230.0|2166.0|98.0|3.2097|5812.0|295.0|4230.0|47.0|||350.0|63.0|46.154|46.428|
|J123355.21+031327.6|8036.0|62.0|4285.0|7.0|1.5264|7342.0|176.0|3219.0|38.0|1.5291|6926.0|346.0|4019.0|86.0|686.0|52.0|1003.0|85.0|45.979|46.27|
|J123442.16+052126.7|5758.0|254.0|3045.0|54.0|1.5503|8246.0|766.0|3975.0|238.0|1.5508|5109.0|137.0|3756.0|72.0|1258.0|57.0|1318.0|276.0|46.291|46.538|
|J123511.10-010829.5||||||2558.0|376.0|1087.0|155.0|2.2475|4785.0|256.0|3317.0|301.0|||1389.0|114.0|45.379|46.05|
|J123514.36+030416.7|3069.0|6.0|1951.0|15.0|2.2007|4101.0|60.0|1742.0|49.0|2.2034|2791.0|55.0|2770.0|143.0|595.0|23.0|841.0|27.0|46.185|46.391|
|J123611.21+112921.6|2972.0|128.0|2844.0|177.0|2.1573||||||7568.0|234.0|4113.0|67.0|2984.0|79.0|||46.051|46.428|
|J124006.70+474003.3|2529.0|169.0|2166.0|25.0|1.5614|3111.0|208.0|3469.0|344.0|1.562|5104.0|134.0|3244.0|119.0|958.0|38.0|1019.0|106.0|46.13|46.245|
|J124524.60-000938.0|3041.0|108.0|2443.0|184.0|2.0943||||||7155.0|267.0|3901.0|226.0|2442.0|94.0|||46.32|46.667|
|J124602.05+042658.4|4357.0|394.0|2624.0|264.0|2.4396||||||4185.0|94.0|3900.0|39.0|358.0|104.0|||46.147|46.42|
|J124924.87-023339.8|3634.0|125.0|2615.0|159.0|2.1259||||||6748.0|156.0|4019.0|64.0|2250.0|54.0|||46.362|46.647|
|J125140.82+080718.4|3101.0|9.0|2498.0|6.0|1.6075|3547.0|87.0|2392.0|158.0|1.6084|5893.0|897.0|3831.0|99.0|2389.0|84.0|2487.0|93.0|46.277|46.686|
|J125353.71+681714.3||||||4055.0|930.0|2873.0|523.0|3.4829|4654.0|115.0|3681.0|87.0|||1210.0|330.0|46.371|46.835|
|J130124.73+475909.6|2769.0|78.0|2281.0|98.0|2.1922||||||6638.0|185.0|3685.0|101.0|2876.0|53.0|||46.13|46.54|
|J130331.28+162146.6|3883.0|151.0|3202.0|45.0|2.3012||||||8633.0|325.0|4099.0|98.0|4141.0|67.0|||46.35|46.843|
|J130343.47+103113.3|4572.0|106.0|2955.0|59.0|2.1878||||||7627.0|200.0|4437.0|58.0|1439.0|56.0|||46.579|46.915|
|J130710.25+123021.7||||||4015.0|112.0|3036.0|164.0|3.2436|8999.0|269.0|4119.0|64.0|||3565.0|72.0|46.715|47.13|
|J131011.61+460124.5|3083.0|43.0|2507.0|36.0|2.1419|3511.0|124.0|3717.0|148.0|2.1459|6899.0|127.0|3517.0|84.0|2485.0|39.0|2867.0|57.0|46.746|47.271|
|J133335.78+164903.9|4959.0|88.0|2807.0|94.0|2.1008||||||5327.0|90.0|3832.0|37.0|2115.0|48.0|||47.067|47.184|
|J133646.87+144334.2|2696.0|65.0|3154.0|77.0|2.1466||||||7820.0|962.0|3904.0|170.0|3487.0|253.0|||46.043|45.867|
|J133916.88+151507.6|8841.0|1007.0|3635.0|311.0|2.3208||||||4575.0|748.0|4560.0|86.0|94.0|350.0|||46.126|46.421|
|J134103.60-073947.3||||||3379.0|114.0|3310.0|150.0|2.3887|7603.0|708.0|3237.0|353.0|||3866.0|224.0|46.712|47.115|
|J134115.56+010812.7|6299.0|138.0|3563.0|80.0|2.2039||||||3004.0|211.0|3405.0|121.0|70.0|48.0|||45.718|46.148|
|J134427.07-103541.9|6132.0|145.0|3340.0|43.0|2.1407|7248.0|522.0|3999.0|375.0|2.1408|4427.0|77.0|3611.0|6.0|262.0|55.0|278.0|213.0|46.76|47.163|
|J135023.68+265243.1|3657.0|69.0|2441.0|49.0|1.6231|4041.0|512.0|3174.0|437.0|1.6216|5284.0|92.0|3466.0|52.0|1143.0|25.0|970.0|163.0|46.308|46.662|
|J135038.88-251216.8|4310.0|355.0|2668.0|184.0|2.5924||||||9751.0|96.0|3920.0|9.0|5138.0|94.0|||46.973|47.376|
|J135439.70+301649.2|3782.0|84.0|2501.0|112.0|1.5525||||||5143.0|153.0|3325.0|105.0|981.0|56.0|||46.047|46.319|
|J140039.00+112022.9|3866.0|330.0|2770.0|213.0|2.5919|5986.0|370.0|3575.0|212.0|2.5977|6657.0|219.0|4232.0|69.0|2137.0|99.0|2624.0|126.0|46.776|47.175|
|J140047.45+120504.6|3219.0|413.0|3009.0|550.0|2.1681||||||7586.0|245.0|4346.0|108.0|2597.0|345.0|||46.182|46.467|
|J140445.89-013021.8|4085.0|345.0|2688.0|274.0|2.5171|4981.0|1314.0|3842.0|341.0|2.5151|2562.0|85.0|3439.0|80.0|252.0|109.0|80.0|261.0|46.443|46.812|
|J141949.39+060654.0|4004.0|23.0|2669.0|6.0|1.6483|5423.0|122.0|3293.0|68.0|1.651|6786.0|213.0|3434.0|156.0|2127.0|67.0|2434.0|92.0|46.08|46.612|
|J142108.71+224117.4|5515.0|111.0|3040.0|24.0|2.1891|6007.0|199.0|2908.0|235.0|2.1875|4291.0|55.0|3189.0|34.0|764.0|19.0|616.0|108.0|46.811|47.02|
|J142656.19+602550.9||||||8208.0|168.0|4033.0|66.0|3.2149|8113.0|103.0|4013.0|46.0|||3503.0|45.0|47.319|47.715|
|J142758.89-012130.4|4462.0|48.0|2285.0|51.0|2.2783||||||5557.0|427.0|3407.0|429.0|724.0|241.0|||45.706|46.056|
|J142841.97+592552.0|3891.0|74.0|2665.0|183.0|1.661|3899.0|1529.0|3961.0|579.0|1.6599|5099.0|288.0|3511.0|122.0|1389.0|53.0|1265.0|267.0|46.141|46.46|
|J143148.09+053558.0|7787.0|136.0|3644.0|22.0|2.1042||||||4720.0|97.0|3936.0|41.0|1255.0|35.0|||46.848|47.059|
|J143229.25-010616.0|2987.0|67.0|1889.0|243.0|2.0882||||||4211.0|89.0|3122.0|65.0|1056.0|53.0|||46.537|46.64|
|J143230.57+012435.1|2759.0|12.0|2695.0|11.0|1.5442|2955.0|217.0|3457.0|132.0|1.543|5130.0|218.0|3144.0|296.0|1771.0|70.0|1627.0|94.0|46.145|46.422|
|J143645.80+633637.9|5478.0|36.0|2819.0|48.0|2.0697|5825.0|221.0|3788.0|241.0|2.0685|3857.0|80.0|3612.0|35.0|724.0|21.0|604.0|70.0|46.586|46.987|
|J143912.04+111740.5|2318.0|978.0|2025.0|410.0|2.588|3010.0|405.0|2786.0|474.0|2.5898|2961.0|90.0|3466.0|64.0|75.0|156.0|231.0|145.0|46.615|46.428|
|J144245.66-024250.1||||||3556.0|105.0|1510.0|192.0|2.3583|5633.0|390.0|3722.0|287.0|||1465.0|139.0|46.146|45.973|
|J144424.38-104542.4||||||6859.0|505.0|2889.0|217.0|2.3809|6257.0|791.0|3561.0|344.0|||2696.0|260.0|46.384|46.787|
|J145102.51-232931.1|3333.0|34.0|2561.0|42.0|2.2259|3833.0|184.0|3786.0|197.0|2.2268|3297.0|17.0|3065.0|9.0|972.0|12.0|1062.0|143.0|46.939|47.342|
|J145408.96+511443.7||||||6249.0|966.0|4019.0|384.0|3.6417|4570.0|110.0|3446.0|57.0|||907.0|211.0|46.709|47.216|
|J151920.75+374902.2||||||3884.0|83.0|2588.0|254.0|2.1095|3063.0|66.0|3498.0|59.0|||485.0|45.0|46.247|46.589|
|J152111.86+470539.1|4263.0|75.0|2270.0|43.0|1.5183|4882.0|1254.0|3049.0|894.0|1.5207|3142.0|87.0|3415.0|47.0|520.0|27.0|806.0|288.0|46.136|46.366|
|J153027.37+062330.8|3001.0|381.0|2549.0|773.0|2.217||||||5996.0|215.0|4035.0|98.0|1485.0|89.0|||46.085|46.24|
|J153848.64+023341.1|3267.0|590.0|2177.0|469.0|2.2423||||||5655.0|95.0|3697.0|73.0|2063.0|176.0|||46.51|46.879|
|J153859.45+053705.3|3266.0|24.0|3091.0|27.0|1.6847|4080.0|191.0|3444.0|272.0|1.683|4091.0|104.0|3682.0|92.0|1008.0|45.0|825.0|91.0|46.13|46.355|
|J154058.70+473827.5|5440.0|233.0|2303.0|98.0|2.5587|6786.0|259.0|3934.0|105.0|2.5693|3264.0|124.0|3645.0|30.0|-101.0|105.0|793.0|102.0|46.176|46.401|
|J154212.90+111226.7|5594.0|12.0|3140.0|4.0|1.5433|5888.0|250.0|3634.0|380.0|1.5411|5534.0|110.0|3740.0|80.0|993.0|44.0|737.0|150.0|46.228|46.608|
|J154432.33+020442.0|3122.0|393.0|2027.0|202.0|2.3424||||||3844.0|1172.0|2963.0|442.0|736.0|225.0|||46.152|46.065|
|J155013.60+200154.0|6429.0|86.0|3150.0|28.0|2.1944|7320.0|422.0|3730.0|149.0|2.1894|4097.0|139.0|3510.0|42.0|454.0|30.0|-19.0|149.0|46.852|46.931|
|J155233.88+491008.3|3156.0|92.0|2396.0|78.0|2.0503||||||6463.0|495.0|3463.0|150.0|1669.0|110.0|||46.249|46.537|
|J155240.40+194816.7|5359.0|124.0|2741.0|46.0|1.6155|6292.0|674.0|3841.0|563.0|1.6154|5672.0|160.0|3732.0|85.0|1099.0|53.0|1084.0|261.0|46.305|46.458|
|J155814.51+405337.0|1957.0|228.0|1983.0|436.0|2.6339||||||1802.0|25.0|2815.0|78.0|321.0|141.0|||46.31|46.48|
|J155949.72+080517.6|3047.0|61.0|2678.0|63.0|2.1983||||||7276.0|295.0|3411.0|122.0|3395.0|59.0|||46.531|46.992|
|J160222.73+084538.4|5637.0|103.0|3072.0|58.0|2.2765|5023.0|392.0|3069.0|190.0|2.2828|5013.0|201.0|3629.0|71.0|948.0|75.0|1524.0|174.0|46.81|46.991|
|J160456.14-001907.1|4313.0|21.0|2809.0|5.0|1.6381|6046.0|53.0|3448.0|19.0|1.6452|6895.0|247.0|3754.0|112.0|1854.0|64.0|2660.0|65.0|46.358|46.482|
|J161458.30+144836.0|3335.0|341.0|2778.0|937.0|2.5706|4750.0|360.0|3153.0|449.0|2.5684|5588.0|126.0|3795.0|65.0|2042.0|79.0|1858.0|214.0|46.815|47.129|
|J161842.44+234131.7|2513.0|158.0|1523.0|212.0|2.2744||||||2486.0|109.0|3265.0|88.0|-58.0|57.0|||46.202|46.496|
|J162014.19+103621.1||||||6232.0|351.0|2644.0|176.0|2.0959|2728.0|360.0|3545.0|327.0|||144.0|143.0|46.25|46.277|
|J162103.98+002905.8|2852.0|69.0|2570.0|81.0|1.6901||||||6978.0|403.0|3670.0|272.0|2139.0|137.0|||45.878|46.105|
|J162116.92-004250.9||||||5444.0|566.0|3678.0|360.0|3.7151|3352.0|63.0|3135.0|67.0|||713.0|124.0|47.23|47.242|
|J162145.41+350807.2||||||3149.0|157.0|3844.0|67.0|2.0355|4624.0|249.0|2862.0|221.0|||1362.0|97.0|45.976|46.343|
|J162548.08+264432.5||||||5572.0|270.0|3684.0|114.0|2.4733|4478.0|93.0|3383.0|93.0|||1167.0|100.0|45.987|46.36|
|J162548.79+264658.7|3426.0|981.0|1958.0|178.0|2.5345||||||5157.0|112.0|3767.0|91.0|2272.0|87.0|||46.519|47.113|
|J162548.80+264658.7||||||3787.0|614.0|3860.0|389.0|2.5339|5274.0|120.0|3778.0|97.0|||1937.0|102.0|46.517|47.114|
|J162738.63+460538.3||||||3900.0|329.0|2941.0|409.0|3.8218|3070.0|149.0|2928.0|289.0|||860.0|123.0|46.167|46.155|
|J163412.78+320335.5|4128.0|35.0|2795.0|21.0|2.3533|5461.0|74.0|3254.0|58.0|2.3531|5862.0|148.0|3758.0|34.0|1517.0|32.0|1500.0|42.0|46.796|46.88|
|J163456.15+301437.8|5549.0|941.0|3067.0|346.0|2.5026||||||6672.0|806.0|4488.0|126.0|1611.0|227.0|||46.282|46.68|
|J165914.54+380900.7|4099.0|157.0|2823.0|251.0|2.3489|4447.0|235.0|3692.0|289.0|2.3521|5894.0|158.0|3944.0|51.0|795.0|61.0|1083.0|145.0|46.261|46.653|
|J171030.20+602347.5|5840.0|88.0|3025.0|31.0|1.5485|6891.0|655.0|2915.0|257.0|1.5462|4797.0|378.0|3017.0|167.0|-82.0|45.0|-350.0|243.0|46.162|46.369|
|J172252.98+245834.7|3550.0|137.0|2771.0|82.0|2.2609|5634.0|502.0|4191.0|205.0|2.2644|5900.0|192.0|4118.0|76.0|1340.0|59.0|1661.0|160.0|46.296|46.727|
|J173352.24+540030.5||||||4401.0|244.0|3808.0|411.0|3.4404|4960.0|94.0|3673.0|93.0|||2182.0|146.0|46.78|47.414|
|J200324.12-325145.0||||||4412.0|556.0|3428.0|426.0|3.7863|3514.0|45.0|2443.0|169.0|||1153.0|145.0|46.974|47.377|
|J204009.62-065402.5|4067.0|156.0|2825.0|97.0|1.6127||||||4411.0|753.0|3613.0|314.0|563.0|147.0|||45.521|45.837|
|J204536.56-010147.9|5487.0|8.0|2828.0|6.0|1.6607|6583.0|63.0|3651.0|170.0|1.663|5178.0|155.0|3389.0|77.0|571.0|30.0|830.0|89.0|46.568|46.974|
|J204538.96-005115.5|4676.0|23.0|2920.0|7.0|1.5915|4396.0|58.0|4016.0|21.0|1.5877|3890.0|214.0|2412.0|289.0|767.0|75.0|332.0|78.0|45.966|46.213|
|J205554.08+004311.4|4911.0|12.0|2724.0|16.0|1.6253|5521.0|76.0|2344.0|45.0|1.6284|4994.0|342.0|3404.0|249.0|985.0|112.0|1333.0|120.0|45.696|45.927|
|J205954.51-001917.4|2281.0|26.0|2001.0|38.0|2.1199|3041.0|196.0|3942.0|162.0|2.1194|7736.0|438.0|4215.0|187.0|2961.0|107.0|2911.0|131.0|46.162|46.42|
|J211832.88+004219.0|3017.0|17.0|2721.0|16.0|2.17|4159.0|220.0|3475.0|409.0|2.1687|3972.0|106.0|3759.0|53.0|803.0|26.0|682.0|170.0|46.337|46.558|
|J212159.04+005224.1|3651.0|213.0|2417.0|224.0|2.374||||||4757.0|147.0|3703.0|93.0|734.0|90.0|||46.272|46.757|
|J212747.43+004929.5|4102.0|221.0|3166.0|206.0|2.2625||||||7686.0|160.0|3898.0|74.0|3035.0|103.0|||46.482|46.787|
|J212912.18-153841.0||||||4702.0|527.0|3225.0|147.0|3.2956|6461.0|434.0|4120.0|26.0|||1618.0|96.0|47.174|47.577|
|J213125.52+001910.4|3551.0|310.0|2616.0|239.0|2.1376||||||7077.0|142.0|3849.0|66.0|1793.0|92.0|||46.09|46.517|
|J213235.95-001350.6|2898.0|408.0|1231.0|456.0|2.5093||||||5567.0|141.0|3943.0|130.0|1543.0|110.0|||46.103|46.473|
|J213438.96+000953.7||||||2930.0|164.0|1245.0|89.0|2.4119|3735.0|95.0|3497.0|82.0|||836.0|77.0|45.861|46.138|
|J213623.52-003410.9|3409.0|304.0|2630.0|472.0|2.2337||||||5657.0|243.0|3340.0|200.0|2593.0|144.0|||46.124|46.602|
|J213748.44+001220.0|3461.0|316.0|2479.0|173.0|1.6736||||||3327.0|178.0|3394.0|201.0|953.0|79.0|||45.947|46.414|
|J214501.70-303122.0|6391.0|436.0|3290.0|62.0|2.2231|7325.0|275.0|3087.0|317.0|2.2267|6003.0|122.0|3767.0|45.0|256.0|40.0|591.0|96.0|45.819|46.222|
|J214620.68-075250.6|2295.0|36.0|2012.0|37.0|2.1213|2657.0|93.0|2597.0|64.0|2.1213|4297.0|168.0|3846.0|130.0|1417.0|69.0|1416.0|65.0|45.868|45.941|
|J215615.18-003057.8|2383.0|152.0|2261.0|390.0|2.3073||||||5507.0|98.0|3422.0|102.0|1707.0|87.0|||46.135|46.505|
|J215859.35+010147.5|4372.0|441.0|2820.0|379.0|2.4481||||||6438.0|160.0|3568.0|123.0|2034.0|187.0|||46.273|46.695|
|J220013.54-001912.1|3181.0|312.0|2588.0|323.0|2.129||||||4898.0|524.0|3445.0|330.0|1791.0|199.0|||45.594|45.908|
|J223245.59-363202.9||||||4324.0|410.0|3931.0|94.0|2.2833|6615.0|473.0|3684.0|173.0|||1789.0|112.0|46.601|47.004|
|J223246.80+134702.0|8020.0|255.0|3588.0|79.0|1.5573||||||5025.0|133.0|3835.0|44.0|160.0|41.0|||46.241|46.32|
|J223358.87-010000.4|3259.0|447.0|2851.0|1126.0|2.3374||||||6247.0|353.0|3653.0|162.0|2147.0|170.0|||46.007|46.433|
|J223850.10-295612.0||||||3390.0|149.0|3325.0|438.0|2.466|5186.0|552.0|2824.0|159.0|||1278.0|150.0|45.521|45.924|
|J223850.90-295301.0|4221.0|64.0|3429.0|144.0|2.4018||||||4747.0|233.0|2676.0|202.0|1590.0|86.0|||45.85|46.253|
|J224026.21+003940.1|2966.0|211.0|2613.0|235.0|2.1299||||||8678.0|857.0|3986.0|153.0|3852.0|161.0|||46.297|46.399|
|J225535.43-403626.4||||||8117.0|292.0|3367.0|210.0|1.5299|8307.0|1248.0|4267.0|107.0|||1714.0|195.0|46.098|46.501|
|J225921.59+140256.1|2941.0|48.0|2722.0|64.0|2.1671||||||6540.0|708.0|3706.0|345.0|3288.0|29.0|||46.214|46.662|
|J225931.72+004751.7|2678.0|203.0|2151.0|729.0|2.1743||||||5115.0|334.0|2892.0|188.0|1907.0|94.0|||45.936|46.284|
|J230959.79+005600.9|4142.0|124.0|1759.0|51.0|2.4255||||||5199.0|2095.0|2229.0|264.0|291.0|99.0|||45.582|46.025|
|J231043.29-003151.0|2408.0|84.0|2314.0|122.0|2.1692||||||3475.0|381.0|2242.0|368.0|754.0|87.0|||45.919|46.081|
|J231441.64-082406.8|4616.0|32.0|2955.0|23.0|2.2011|5259.0|410.0|3458.0|425.0|2.2|4411.0|130.0|3291.0|120.0|975.0|46.0|869.0|175.0|46.279|46.181|
|J232539.44-065258.6||||||3638.0|202.0|1545.0|139.0|1.5267|6302.0|471.0|3337.0|370.0|||3614.0|151.0|46.627|47.03|
|J234704.25+150146.3||||||5466.0|168.0|2551.0|121.0|2.16|4469.0|113.0|3519.0|84.0|||556.0|82.0|45.593|45.996|
|J235808.55+012507.3||||||4169.0|207.0|4026.0|252.0|3.3997|6270.0|149.0|3835.0|95.0|||2799.0|140.0|46.328|47.047|